Top queries,Clicks,Impressions,CTR,Position
pension allowance calculator,0,13,0%,91.69
small pension pots loophole calculator,0,7,0%,71.43
buy a holiday let calculator,0,7,0%,74.86
solar saving calculator,0,6,0%,94.5
mortgage calculator australia,0,6,0%,98
ebay selling fees,0,5,0%,76.8
ebay selling fee,0,4,0%,76.25
cost of employment calculator uk,0,4,0%,82.5
pension employer contribution calculator,0,4,0%,92.25
employee costs calculator uk,0,3,0%,82.33
nursery calculator,0,3,0%,83
cost to employer calculator,0,3,0%,83.67
employment cost calculator,0,3,0%,83.67
cost to employ calculator,0,3,0%,87.33
maximum pension contribution calculator,0,3,0%,97.67
cra child and family benefits calculator official,0,2,0%,3
canada child benefit based on adjusted family net income,0,2,0%,4.5
when is fathers day,0,2,0%,29.5
salary sacrifice calculator pension,0,2,0%,36.5
magic the gathering deck price,0,2,0%,49.5
dungeons and dragons cost,0,2,0%,50.5
fair work notice period calculator,0,2,0%,52.5
childcare cost calculator,0,2,0%,54.5
dwp pension calculator,0,2,0%,74.5
employee cost calculator uk,0,2,0%,81.5
nest salary sacrifice calculator,0,2,0%,82.5
electric boiler running cost calculator,0,2,0%,84
employee cost calculator,0,2,0%,87.5
top up pension calculator,0,2,0%,90
pay calculator for employers,0,2,0%,91.5
uk tax year dates,0,2,0%,95.5
pensionable earnings calculator,0,2,0%,96
calculate employee cost,0,2,0%,98
salary exchange calculator,0,2,0%,99
uk pension contribution calculator,0,2,0%,99
pension contribution calculator uk,0,2,0%,100
australia gst rate 10%,0,1,0%,5
charades generator,0,1,0%,5
product pricing calculator,0,1,0%,11
repaying loans calculator,0,1,0%,11
repayments on loans calculator,0,1,0%,11
rrsp tax benefits calculator,0,1,0%,12
salary sacrifice car tax calculator,0,1,0%,22
trim pdf,0,1,0%,24
cost of employment calculator,0,1,0%,26
horse racing accumulator calculator,0,1,0%,26
state pension age calculator,0,1,0%,27
salary sacrifice car scheme calculator,0,1,0%,29
private pension calculator uk,0,1,0%,37
calculator fuel cost trip,0,1,0%,38
smart salary sacrifice calculator,0,1,0%,38
when is father's day in england,0,1,0%,40
fertile period calculator,0,1,0%,42
magic the gathering deck prices,0,1,0%,43
when is mother's day in the uk,0,1,0%,43
indian gratuity calculation,0,1,0%,45
monitor width,0,1,0%,46
my kitchen calculator,0,1,0%,47
when is mother's day in uk,0,1,0%,47
when is mothers day uk,0,1,0%,47
mother's day in uk,0,1,0%,48
mtg deck price,0,1,0%,50
how many tiles,0,1,0%,53
uk taxation year,0,1,0%,57
carry forward calculator 2025/26,0,1,0%,62
stitch counter online,0,1,0%,62
p11d car benefit calculator,0,1,0%,65
nursery cost calculator,0,1,0%,66
ebay selling fees uk,0,1,0%,67
knitting counter online,0,1,0%,68
railway fare calculator,0,1,0%,68
nearest public toilet to my location,0,1,0%,69
where's my nearest defibrillator,0,1,0%,70
knit counter online,0,1,0%,72
walking calculator map,0,1,0%,72
council tax calculator,0,1,0%,74
find nearest defibrillator,0,1,0%,74
my nearest defibrillator,0,1,0%,74
cost of employment,0,1,0%,77
drink recipe generator,0,1,0%,77
ebay seller fees,0,1,0%,78
guitar tuner online free,0,1,0%,80
period tracker online,0,1,0%,80
ebay sale fee,0,1,0%,81
guitar chord tuner,0,1,0%,82
mileage relief calculator,0,1,0%,82
my walking route,0,1,0%,82
track distance walked,0,1,0%,82
what is the cost to sell on ebay,0,1,0%,82
cost to employ someone calculator,0,1,0%,83
ebay business seller fees,0,1,0%,83
paint colour mixer,0,1,0%,83
charades website,0,1,0%,85
map out walking route,0,1,0%,85
walk planner map,0,1,0%,85
how british are you quiz,0,1,0%,87
ebay commission,0,1,0%,89
ebay uk selling fees,0,1,0%,89
my retirement date calculator,0,1,0%,89
selling fees ebay uk,0,1,0%,89
cocktail maker from ingredients,0,1,0%,90
lease purchase calculator,0,1,0%,90
irregular menstrual cycle calculator,0,1,0%,92
plan my walking route,0,1,0%,92
defibrillator aed locations,0,1,0%,94
employee calculator cost,0,1,0%,94
net pay arrangement pension calculator,0,1,0%,94
pension input calculator,0,1,0%,94
plan my walk,0,1,0%,94
screen inch,0,1,0%,95
comparison country,0,1,0%,96
drink generator,0,1,0%,96
guitar tunings online,0,1,0%,96
qld mortgage calculator,0,1,0%,96
quilt cost calculator,0,1,0%,96
salary sacrifice calculator uk,0,1,0%,96
stamp duty calculator for companies,0,1,0%,96
uk tax years dates,0,1,0%,96
artwork price calculator,0,1,0%,97
pension contribution allowance calculator,0,1,0%,97
pension planner calculator,0,1,0%,97
pension salary exchange calculator,0,1,0%,97
uk salary sacrifice calculator,0,1,0%,97
voluntary pension contributions calculator,0,1,0%,97
house loan mortgage calculator,0,1,0%,98
how far did i walk map,0,1,0%,98
quilt price calculator,0,1,0%,98
self esteem questionnaire,0,1,0%,98
stamp duty calculator investment property,0,1,0%,98
how much is my state pension pot worth,0,1,0%,99
maximum pension contribution uk calculator,0,1,0%,99
pension calculator for employers,0,1,0%,99
pension payment calculator,0,1,0%,99
salary sacrifice calculator,0,1,0%,99
sip calculator in india,0,1,0%,99
what date is remembrance sunday,0,1,0%,99
company name test,0,1,0%,100
comparison countries,0,1,0%,100
free mortgage calculator australia,0,1,0%,100
mortgages australia calculator,0,1,0%,100
pension contributions calculator,0,1,0%,100
pension contributions calculator uk,0,1,0%,100
take my pension at 55 calculator,0,1,0%,100