URL,Last crawled
https://mykit.tools/tags/trim,2026-04-03
https://mykit.tools/tags/meaning,2026-04-03
https://mykit.tools/tags/sort,2026-04-02
https://mykit.tools/tags/maritime,2026-04-01
https://mykit.tools/tags/career,2026-04-01
https://mykit.tools/tags/nda,2026-04-01
https://mykit.tools/tags/half-letter,2026-04-01
https://mykit.tools/tags/search,2026-04-01
https://mykit.tools/tags/burn-rate,2026-04-01
https://mykit.tools/tags/sorting,2026-04-01
https://mykit.tools/tags/dovetail,2026-03-31
https://mykit.tools/tags/ev-charger,2026-03-31
https://mykit.tools/tags/road-trip,2026-03-31
https://mykit.tools/tags/abs,2026-03-31
https://mykit.tools/tags/rates,2026-03-31
https://mykit.tools/tags/first-aid,2026-03-30
https://mykit.tools/tags/stitches,2026-03-30
https://mykit.tools/tags/betfair,2026-03-30
https://mykit.tools/tags/engineering,2026-03-30
https://mykit.tools/tags/burndown,2026-03-30
https://mykit.tools/tags/markup,2026-03-30
https://mykit.tools/tags/robots-txt,2026-03-30
https://mykit.tools/tags/sketch,2026-03-30
https://mykit.tools/tags/calories,2026-03-30
https://mykit.tools/tags/breakdown,2026-03-30
https://mykit.tools/tags/shoe-size,2026-03-30
https://mykit.tools/tags/geometry,2026-03-30
https://mykit.tools/tags/percentage,2026-03-30
https://mykit.tools/tags/encoding,2026-03-30
https://mykit.tools/tags/timber,2026-03-30
https://mykit.tools/tags/moving,2026-03-30
https://mykit.tools/tags/matrix,2026-03-30
https://mykit.tools/tags/creator,2026-03-30
https://mykit.tools/tags/location,2026-03-30
https://mykit.tools/tags/alien,2026-03-30
https://mykit.tools/tags/budgeting,2026-03-30
https://mykit.tools/tags/orientation,2026-03-30
https://mykit.tools/tags/ovulation,2026-03-30
https://mykit.tools/tags/cgt,2026-03-30
https://mykit.tools/tags/size,2026-03-30
https://mykit.tools/tags/packing,2026-03-30
https://mykit.tools/tags/task-management,2026-03-30
https://mykit.tools/tags/cups,2026-03-30
https://mykit.tools/tags/cat-years,2026-03-30
https://mykit.tools/tags/global,2026-03-30
https://mykit.tools/tags/gradient,2026-03-30
https://mykit.tools/tags/mystical,2026-03-30
https://mykit.tools/tags/lucky-numbers,2026-03-30
https://mykit.tools/tags/suggester,2026-03-30
https://mykit.tools/tags/birthday,2026-03-30
https://mykit.tools/tags/rows,2026-03-30
https://mykit.tools/tags/mental-health,2026-03-30
https://mykit.tools/tags/radix,2026-03-30
https://mykit.tools/tags/income,2026-03-30
https://mykit.tools/tags/stylish,2026-03-30
https://mykit.tools/tags/weight,2026-03-30
https://mykit.tools/tags/relationship,2026-03-30
https://mykit.tools/tags/ni-savings,2026-03-30
https://mykit.tools/tags/pdf,2026-03-30
https://mykit.tools/tags/days,2026-03-30
https://mykit.tools/tags/contrast,2026-03-30
https://mykit.tools/tags/trivia,2026-03-30
https://mykit.tools/tags/sign,2026-03-30
https://mykit.tools/tags/eid,2026-03-30
https://mykit.tools/tags/data,2026-03-30
https://mykit.tools/tags/square-metres,2026-03-30
https://mykit.tools/tags/cost-per-unit,2026-03-30
https://mykit.tools/tags/stats,2026-03-30
https://mykit.tools/tags/pay-rise,2026-03-30
https://mykit.tools/tags/snowball,2026-03-30
https://mykit.tools/tags/generator,2026-03-30
https://mykit.tools/tags/estate,2026-03-30
https://mykit.tools/tags/car-tax,2026-03-30
https://mykit.tools/tags/token,2026-03-30
https://mykit.tools/tags/travel-budget,2026-03-30
https://mykit.tools/tags/identity,2026-03-30
https://mykit.tools/tags/aspect-ratio,2026-03-30
https://mykit.tools/tags/value,2026-03-30
https://mykit.tools/tags/copywriting,2026-03-30
https://mykit.tools/tags/matched-betting,2026-03-30
https://mykit.tools/tags/area,2026-03-30
https://mykit.tools/tags/maintenance,2026-03-30
https://mykit.tools/tags/print-quality,2026-03-30
https://mykit.tools/tags/home-improvements,2026-03-30
https://mykit.tools/tags/find,2026-03-30
https://mykit.tools/tags/early-pregnancy,2026-03-30
https://mykit.tools/tags/timer,2026-03-30
https://mykit.tools/tags/minifier,2026-03-30
https://mykit.tools/tags/liquid,2026-03-30
https://mykit.tools/tags/tyre,2026-03-30
https://mykit.tools/tags/friendship,2026-03-30
https://mykit.tools/tags/tax-comparison,2026-03-30
https://mykit.tools/tags/december,2026-03-30
https://mykit.tools/tags/grade-level,2026-03-30
https://mykit.tools/tags/ttrpg,2026-03-30
https://mykit.tools/tags/poetry,2026-03-30
https://mykit.tools/tags/kelvin,2026-03-30
https://mykit.tools/tags/route,2026-03-30
https://mykit.tools/tags/spring-equinox,2026-03-30
https://mykit.tools/tags/dates,2026-03-30
https://mykit.tools/tags/vegetable,2026-03-30
https://mykit.tools/tags/butter,2026-03-30
https://mykit.tools/tags/introvert,2026-03-30
https://mykit.tools/tags/pass-the-parcel,2026-03-30
https://mykit.tools/tags/playgrounds,2026-03-30
https://mykit.tools/tags/times-tables,2026-03-30
https://mykit.tools/tags/pancake-day,2026-03-30
https://mykit.tools/tags/placeholder,2026-03-30
https://mykit.tools/tags/feet-inches,2026-03-30
https://mykit.tools/tags/camelcase,2026-03-30
https://mykit.tools/tags/mph,2026-03-30
https://mykit.tools/tags/curtains,2026-03-30
https://mykit.tools/tags/multiple,2026-03-30
https://mykit.tools/tags/characters,2026-03-30
https://mykit.tools/tags/bytes,2026-03-30
https://mykit.tools/tags/wheel,2026-03-30
https://mykit.tools/tags/coin,2026-03-30
https://mykit.tools/tags/pressure,2026-03-30
https://mykit.tools/tags/clinical,2026-03-30
https://mykit.tools/tags/age,2026-03-30
https://mykit.tools/tags/word-counter,2026-03-30
https://mykit.tools/tags/words,2026-03-30
https://mykit.tools/tags/etiquette,2026-03-30
https://mykit.tools/tags/slope-rating,2026-03-30
https://mykit.tools/tags/kilogram-force,2026-03-30
https://mykit.tools/tags/screen-time,2026-03-30
https://mykit.tools/tags/maternity,2026-03-30
https://mykit.tools/tags/employer-ni,2026-03-30
https://mykit.tools/tags/dinner-ideas,2026-03-30
https://mykit.tools/tags/decision,2026-03-30
https://mykit.tools/tags/inches,2026-03-30
https://mykit.tools/tags/print-size,2026-03-30
https://mykit.tools/tags/porridge,2026-03-30
https://mykit.tools/tags/aviation,2026-03-30
https://mykit.tools/tags/signature,2026-03-30
https://mykit.tools/tags/supplies,2026-03-30
https://mykit.tools/tags/fraction,2026-03-30
https://mykit.tools/tags/temperature,2026-03-30
https://mykit.tools/tags/literacy,2026-03-30
https://mykit.tools/tags/format,2026-03-30
https://mykit.tools/tags/sql,2026-03-30
https://mykit.tools/tags/scheduling,2026-03-30
https://mykit.tools/tags/festive,2026-03-30
https://mykit.tools/tags/spacing,2026-03-30
https://mykit.tools/tags/cake,2026-03-30
https://mykit.tools/tags/freezer,2026-03-30
https://mykit.tools/tags/equal-profit,2026-03-30
https://mykit.tools/tags/postgrad,2026-03-30
https://mykit.tools/tags/pet-age,2026-03-30
https://mykit.tools/tags/wage,2026-03-30
https://mykit.tools/tags/presents,2026-03-30
https://mykit.tools/tags/rental-income,2026-03-30
https://mykit.tools/tags/delimiter,2026-03-30
https://mykit.tools/tags/eisenhower-matrix,2026-03-30
https://mykit.tools/tags/high-income,2026-03-30
https://mykit.tools/tags/cocktails,2026-03-30
https://mykit.tools/tags/romantic,2026-03-30
https://mykit.tools/tags/shares,2026-03-30
https://mykit.tools/tags/visualizer,2026-03-30
https://mykit.tools/tags/roast,2026-03-30
https://mykit.tools/tags/chores,2026-03-30
https://mykit.tools/tags/quantities,2026-03-30
https://mykit.tools/tags/permutations,2026-03-30
https://mykit.tools/tags/categories,2026-03-30
https://mykit.tools/tags/nature,2026-03-30
https://mykit.tools/tags/cost-estimate,2026-03-30
https://mykit.tools/tags/night-out,2026-03-30
https://mykit.tools/tags/hourly,2026-03-30
https://mykit.tools/tags/maternity-leave,2026-03-30
https://mykit.tools/tags/unit-circle,2026-03-30
https://mykit.tools/tags/8-bit,2026-03-30
https://mykit.tools/tags/pixel-art,2026-03-30
https://mykit.tools/tags/vocabulary,2026-03-30
https://mykit.tools/tags/mantissa,2026-03-30
https://mykit.tools/tags/amazon,2026-03-30
https://mykit.tools/tags/static,2026-03-30
https://mykit.tools/tags/celebrity,2026-03-30
https://mykit.tools/tags/wizard,2026-03-30
https://mykit.tools/tags/stem,2026-03-30
https://mykit.tools/tags/pickup-lines,2026-03-30
https://mykit.tools/tags/annotations,2026-03-30
https://mykit.tools/tags/d20,2026-03-30
https://mykit.tools/tags/adventure,2026-03-30
https://mykit.tools/tags/fortune,2026-03-30
https://mykit.tools/tags/word-scramble,2026-03-30
https://mykit.tools/tags/string,2026-03-30
https://mykit.tools/tags/studio,2026-03-30
https://mykit.tools/tags/replace,2026-03-30
https://mykit.tools/tags/public-holidays,2026-03-30
https://mykit.tools/tags/strengths,2026-03-30
https://mykit.tools/tags/spinner,2026-03-30
https://mykit.tools/tags/baggage,2026-03-30
https://mykit.tools/tags/jokes,2026-03-30
https://mykit.tools/tags/company-name,2026-03-30
https://mykit.tools/tags/planner,2026-03-30
https://mykit.tools/tags/tip,2026-03-30
https://mykit.tools/tags/layout,2026-03-30
https://mykit.tools/tags/guitar,2026-03-30
https://mykit.tools/tags/mass,2026-03-30
https://mykit.tools/tags/kmh,2026-03-30
https://mykit.tools/tags/identifier,2026-03-30
https://mykit.tools/tags/ambivert,2026-03-30
https://mykit.tools/tags/checksum,2026-03-30
https://mykit.tools/tags/document,2026-03-30
https://mykit.tools/tags/hindu,2026-03-30
https://mykit.tools/tags/litres,2026-03-30
https://mykit.tools/tags/paint,2026-03-30
https://mykit.tools/tags/board-game,2026-03-30
https://mykit.tools/tags/computer,2026-03-30
https://mykit.tools/tags/3d,2026-03-30
https://mykit.tools/tags/mla,2026-03-30
https://mykit.tools/tags/finance,2026-03-30
https://mykit.tools/tags/expected-value,2026-03-30
https://mykit.tools/tags/party,2026-03-30
https://mykit.tools/tags/multiple-selections,2026-03-30
https://mykit.tools/tags/metadata,2026-03-30
https://mykit.tools/tags/gluten-free,2026-03-30
https://mykit.tools/tags/elf-on-the-shelf,2026-03-30
https://mykit.tools/tags/map,2026-03-30
https://mykit.tools/tags/estimator,2026-03-30
https://mykit.tools/tags/ons,2026-03-30
https://mykit.tools/tags/percent-encoding,2026-03-30
https://mykit.tools/tags/internet,2026-03-30
https://mykit.tools/tags/shapes,2026-03-30
https://mykit.tools/tags/broadband,2026-03-30
https://mykit.tools/tags/millimetres,2026-03-30
https://mykit.tools/tags/substitution,2026-03-30
https://mykit.tools/tags/needles,2026-03-30
https://mykit.tools/tags/panels,2026-03-30
https://mykit.tools/tags/american-football,2026-03-30
https://mykit.tools/tags/ratio,2026-03-30
https://mykit.tools/tags/hcg,2026-03-30
https://mykit.tools/tags/lunar,2026-03-30
https://mykit.tools/tags/memorization,2026-03-30
https://mykit.tools/tags/zombie,2026-03-30
https://mykit.tools/tags/two-choices,2026-03-30
https://mykit.tools/tags/tracker,2026-03-30
https://mykit.tools/tags/word-association,2026-03-30
https://mykit.tools/tags/sound,2026-03-30
https://mykit.tools/tags/compound,2026-03-30
https://mykit.tools/tags/optimisation,2026-03-30
https://mykit.tools/tags/resample,2026-03-30
https://mykit.tools/tags/lottery,2026-03-30
https://mykit.tools/tags/algebra,2026-03-30
https://mykit.tools/tags/christian,2026-03-30
https://mykit.tools/tags/tabloid,2026-03-30
https://mykit.tools/tags/responsibilities,2026-03-30
https://mykit.tools/tags/alphabetical,2026-03-30
https://mykit.tools/tags/period-tracker,2026-03-30
https://mykit.tools/tags/islamic-holidays,2026-03-30
https://mykit.tools/tags/tariff,2026-03-30
https://mykit.tools/tags/clues,2026-03-30
https://mykit.tools/tags/template,2026-03-30
https://mykit.tools/tags/lease,2026-03-30
https://mykit.tools/tags/fahrenheit,2026-03-30
https://mykit.tools/tags/concrete,2026-03-30
https://mykit.tools/tags/winter-solstice,2026-03-30
https://mykit.tools/tags/vacation,2026-03-30
https://mykit.tools/tags/eu,2026-03-30
https://mykit.tools/tags/heating-system,2026-03-30
https://mykit.tools/tags/clothing,2026-03-30
https://mykit.tools/tags/standard-deviation,2026-03-30
https://mykit.tools/tags/beautifier,2026-03-30
https://mykit.tools/tags/millilitres,2026-03-30
https://mykit.tools/tags/tan,2026-03-30
https://mykit.tools/tags/norse,2026-03-30
https://mykit.tools/tags/cyber-monday,2026-03-30
https://mykit.tools/tags/lucky-stars,2026-03-30
https://mykit.tools/tags/palette,2026-03-30
https://mykit.tools/tags/receipt,2026-03-30
https://mykit.tools/tags/flights,2026-03-30
https://mykit.tools/tags/heads-tails,2026-03-30
https://mykit.tools/tags/unit-price,2026-03-30
https://mykit.tools/tags/difference,2026-03-30
https://mykit.tools/tags/household,2026-03-30
https://mykit.tools/tags/slug,2026-03-30
https://mykit.tools/tags/free-bet,2026-03-30
https://mykit.tools/tags/band,2026-03-30
https://mykit.tools/tags/diesel,2026-03-30
https://mykit.tools/tags/fix,2026-03-30
https://mykit.tools/tags/local-authority,2026-03-30
https://mykit.tools/tags/extractor,2026-03-30
https://mykit.tools/tags/puzzle,2026-03-30
https://mykit.tools/tags/electronics,2026-03-30
https://mykit.tools/tags/exchange-rate,2026-03-30
https://mykit.tools/tags/nautical,2026-03-30
https://mykit.tools/tags/prettify,2026-03-30
https://mykit.tools/tags/sleep,2026-03-30
https://mykit.tools/tags/classroom,2026-03-30
https://mykit.tools/tags/converter,2026-03-30
https://mykit.tools/tags/positive,2026-03-30
https://mykit.tools/tags/km,2026-03-30
https://mykit.tools/tags/seeds,2026-03-30
https://mykit.tools/tags/customs,2026-03-30
https://mykit.tools/tags/banking,2026-03-30
https://mykit.tools/tags/icebreaker,2026-03-30
https://mykit.tools/tags/pages,2026-03-30
https://mykit.tools/tags/meal-planning,2026-03-30
https://mykit.tools/tags/quiz-night,2026-03-30
https://mykit.tools/tags/seo,2026-03-30
https://mykit.tools/tags/footer,2026-03-30
https://mykit.tools/tags/mr-and-mrs,2026-03-30
https://mykit.tools/tags/html,2026-03-30
https://mykit.tools/tags/diy,2026-03-30
https://mykit.tools/tags/cooking,2026-03-30
https://mykit.tools/tags/prime,2026-03-30
https://mykit.tools/tags/remove,2026-03-30
https://mykit.tools/tags/irish,2026-03-30
https://mykit.tools/tags/organiser,2026-03-30
https://mykit.tools/tags/selling-price,2026-03-30
https://mykit.tools/tags/vat,2026-03-30
https://mykit.tools/tags/colour,2026-03-30
https://mykit.tools/tags/calculator,2026-03-30
https://mykit.tools/tags/celebration,2026-03-30
https://mykit.tools/tags/plan-5,2026-03-30
https://mykit.tools/tags/uniform,2026-03-30
https://mykit.tools/tags/autumn-equinox,2026-03-30
https://mykit.tools/tags/heat-loss,2026-03-30
https://mykit.tools/tags/solar-battery,2026-03-30
https://mykit.tools/tags/canvas,2026-03-30
https://mykit.tools/tags/priority,2026-03-30
https://mykit.tools/tags/gift,2026-03-30
https://mykit.tools/tags/rate,2026-03-30
https://mykit.tools/tags/gothic,2026-03-30
https://mykit.tools/tags/international,2026-03-30
https://mykit.tools/tags/diff,2026-03-30
https://mykit.tools/tags/fba,2026-03-30
https://mykit.tools/tags/energy-efficiency,2026-03-30
https://mykit.tools/tags/luggage,2026-03-30
https://mykit.tools/tags/national-insurance,2026-03-30
https://mykit.tools/tags/football,2026-03-30
https://mykit.tools/tags/kwh,2026-03-30
https://mykit.tools/tags/partner,2026-03-30
https://mykit.tools/tags/scheduler,2026-03-30
https://mykit.tools/tags/finishing,2026-03-30
https://mykit.tools/tags/tile,2026-03-30
https://mykit.tools/tags/raffle,2026-03-30
https://mykit.tools/tags/ounces,2026-03-30
https://mykit.tools/tags/horse-racing,2026-03-30
https://mykit.tools/tags/return,2026-03-30
https://mykit.tools/tags/paper-size,2026-03-30
https://mykit.tools/tags/mould,2026-03-30
https://mykit.tools/tags/cost-comparison,2026-03-30
https://mykit.tools/tags/friends,2026-03-30
https://mykit.tools/tags/ecommerce,2026-03-30
https://mykit.tools/tags/repeater,2026-03-30
https://mykit.tools/tags/compliment,2026-03-30
https://mykit.tools/tags/self-assessment,2026-03-30
https://mykit.tools/tags/sorter,2026-03-30
https://mykit.tools/tags/linux,2026-03-30
https://mykit.tools/tags/charades,2026-03-30
https://mykit.tools/tags/november,2026-03-30
https://mykit.tools/tags/bills,2026-03-30
https://mykit.tools/tags/visualiser,2026-03-30
https://mykit.tools/tags/box-shadow,2026-03-30
https://mykit.tools/tags/flesch-kincaid,2026-03-30
https://mykit.tools/tags/routine,2026-03-30
https://mykit.tools/tags/binary,2026-03-30
https://mykit.tools/tags/doubling-time,2026-03-30
https://mykit.tools/tags/green-space,2026-03-30
https://mykit.tools/tags/study,2026-03-30
https://mykit.tools/tags/sharing,2026-03-30
https://mykit.tools/tags/og-tags,2026-03-30
https://mykit.tools/tags/work,2026-03-30
https://mykit.tools/tags/september,2026-03-30
https://mykit.tools/tags/shopping-list,2026-03-30
https://mykit.tools/tags/betting,2026-03-30
https://mykit.tools/tags/round-robin,2026-03-30
https://mykit.tools/tags/price-comparison,2026-03-30
https://mykit.tools/tags/money,2026-03-30
https://mykit.tools/tags/soccer,2026-03-30
https://mykit.tools/tags/oven,2026-03-30
https://mykit.tools/tags/running-costs,2026-03-30
https://mykit.tools/tags/pension,2026-03-30
https://mykit.tools/tags/line-breaks,2026-03-30
https://mykit.tools/tags/epoch,2026-03-30
https://mykit.tools/tags/valuation,2026-03-30
https://mykit.tools/tags/marketing,2026-03-30
https://mykit.tools/tags/themes,2026-03-30
https://mykit.tools/tags/price,2026-03-30
https://mykit.tools/tags/baby-names,2026-03-30
https://mykit.tools/tags/subtract-days,2026-03-30
https://mykit.tools/tags/add,2026-03-30
https://mykit.tools/tags/leave-planning,2026-03-30
https://mykit.tools/tags/forfeits,2026-03-30
https://mykit.tools/tags/palindrome,2026-03-30
https://mykit.tools/tags/equation,2026-03-30
https://mykit.tools/tags/picker,2026-03-30
https://mykit.tools/tags/mothers-day,2026-03-30
https://mykit.tools/tags/lyrics,2026-03-30
https://mykit.tools/tags/viewing-distance,2026-03-30
https://mykit.tools/tags/testing,2026-03-30
https://mykit.tools/tags/pixel-density,2026-03-30
https://mykit.tools/tags/satire,2026-03-30
https://mykit.tools/tags/books,2026-03-29
https://mykit.tools/tags/childcare,2026-03-29
https://mykit.tools/tags/weekly,2026-03-29
https://mykit.tools/tags/shopify,2026-03-29
https://mykit.tools/tags/implantation,2026-03-29
https://mykit.tools/tags/winner,2026-03-29
https://mykit.tools/tags/export,2026-03-29
https://mykit.tools/tags/freelance,2026-03-29
https://mykit.tools/tags/culture,2026-03-29
https://mykit.tools/tags/wallpaper,2026-03-29
https://mykit.tools/tags/roman-numerals,2026-03-29
https://mykit.tools/tags/view,2026-03-29
https://mykit.tools/tags/fitness,2026-03-29
https://mykit.tools/tags/ship,2026-03-29
https://mykit.tools/tags/filament,2026-03-29
https://mykit.tools/tags/a3,2026-03-29
https://mykit.tools/tags/profit-margin,2026-03-29
https://mykit.tools/tags/pub,2026-03-29
https://mykit.tools/tags/energy-savings,2026-03-29
https://mykit.tools/tags/pascal,2026-03-29
https://mykit.tools/tags/design,2026-03-29
https://mykit.tools/tags/prediction,2026-03-29
https://mykit.tools/tags/drinking-game,2026-03-29
https://mykit.tools/tags/bathroom,2026-03-29
https://mykit.tools/tags/viral,2026-03-29
https://mykit.tools/tags/syntax,2026-03-29
https://mykit.tools/tags/intake,2026-03-29
https://mykit.tools/tags/child-benefit,2026-03-29
https://mykit.tools/tags/evaluation,2026-03-29
https://mykit.tools/tags/pad,2026-03-29
https://mykit.tools/tags/french-press,2026-03-29
https://mykit.tools/tags/electric-vehicle,2026-03-29
https://mykit.tools/tags/encoder,2026-03-29
https://mykit.tools/tags/financial,2026-03-29
https://mykit.tools/tags/vampire,2026-03-29
https://mykit.tools/tags/car-maintenance,2026-03-29
https://mykit.tools/tags/period-prediction,2026-03-29
https://mykit.tools/tags/avoidant,2026-03-29
https://mykit.tools/tags/ideal-weight,2026-03-29
https://mykit.tools/tags/litres-per-100km,2026-03-29
https://mykit.tools/tags/per-person,2026-03-29
https://mykit.tools/tags/toxic,2026-03-29
https://mykit.tools/tags/immigration,2026-03-29
https://mykit.tools/tags/cubic-feet,2026-03-29
https://mykit.tools/tags/newtons,2026-03-29
https://mykit.tools/tags/spooky,2026-03-29
https://mykit.tools/tags/rem,2026-03-29
https://mykit.tools/tags/buy,2026-03-29
https://mykit.tools/tags/parenting,2026-03-29
https://mykit.tools/tags/division,2026-03-29
https://mykit.tools/tags/home-cinema,2026-03-29
https://mykit.tools/tags/cocktail,2026-03-29
https://mykit.tools/tags/soil,2026-03-29
https://mykit.tools/tags/share,2026-03-29
https://mykit.tools/tags/margin,2026-03-29
https://mykit.tools/tags/travel-costs,2026-03-29
https://mykit.tools/tags/safety,2026-03-29
https://mykit.tools/tags/car,2026-03-29
https://mykit.tools/tags/storage,2026-03-29
https://mykit.tools/tags/marathon,2026-03-29
https://mykit.tools/tags/revenue,2026-03-29
https://mykit.tools/tags/benefits,2026-03-29
https://mykit.tools/tags/narcissism,2026-03-29
https://mykit.tools/tags/spelling,2026-03-29
https://mykit.tools/tags/witch,2026-03-29
https://mykit.tools/tags/contract,2026-03-29
https://mykit.tools/tags/selling,2026-03-29
https://mykit.tools/tags/cheesy,2026-03-29
https://mykit.tools/tags/attachment,2026-03-29
https://mykit.tools/tags/reader,2026-03-29
https://mykit.tools/tags/length,2026-03-29
https://mykit.tools/tags/truth,2026-03-29
https://mykit.tools/tags/entities,2026-03-29
https://mykit.tools/tags/affirmation,2026-03-29
https://mykit.tools/tags/funny,2026-03-29
https://mykit.tools/tags/tbsp,2026-03-29
https://mykit.tools/tags/manager,2026-03-29
https://mykit.tools/tags/mega-millions,2026-03-29
https://mykit.tools/tags/employment,2026-03-29
https://mykit.tools/tags/resolutions,2026-03-29
https://mykit.tools/tags/lbs,2026-03-29
https://mykit.tools/tags/american,2026-03-29
https://mykit.tools/tags/candle,2026-03-29
https://mykit.tools/tags/whitespace,2026-03-29
https://mykit.tools/tags/each-way,2026-03-29
https://mykit.tools/tags/citation,2026-03-29
https://mykit.tools/tags/finish-time,2026-03-29
https://mykit.tools/tags/mach,2026-03-29
https://mykit.tools/tags/wake-up,2026-03-29
https://mykit.tools/tags/crop,2026-03-29
https://mykit.tools/tags/increase,2026-03-29
https://mykit.tools/tags/flip,2026-03-29
https://mykit.tools/tags/milestones,2026-03-29
https://mykit.tools/tags/outdoor,2026-03-29
https://mykit.tools/tags/boiler-replacement,2026-03-29
https://mykit.tools/tags/chore-chart,2026-03-29
https://mykit.tools/tags/json,2026-03-29
https://mykit.tools/tags/tax-free,2026-03-29
https://mykit.tools/tags/sudoku,2026-03-29
https://mykit.tools/tags/early-detection,2026-03-29
https://mykit.tools/tags/art,2026-03-29
https://mykit.tools/tags/protect,2026-03-29
https://mykit.tools/tags/reference,2026-03-29
https://mykit.tools/tags/mortgage,2026-03-29
https://mykit.tools/tags/landlord,2026-03-29
https://mykit.tools/tags/consumption,2026-03-29
https://mykit.tools/tags/energy-storage,2026-03-29
https://mykit.tools/tags/linear,2026-03-29
https://mykit.tools/tags/group-game,2026-03-29
https://mykit.tools/tags/salary-sacrifice,2026-03-29
https://mykit.tools/tags/eq,2026-03-29
https://mykit.tools/tags/tts,2026-03-29
https://mykit.tools/tags/sin,2026-03-29
https://mykit.tools/tags/camera,2026-03-29
https://mykit.tools/tags/education,2026-03-29
https://mykit.tools/tags/life,2026-03-29
https://mykit.tools/tags/database,2026-03-29
https://mykit.tools/tags/feed,2026-03-29
https://mykit.tools/tags/when-to-test,2026-03-29
https://mykit.tools/tags/gcd,2026-03-29
https://mykit.tools/tags/company-car,2026-03-29
https://mykit.tools/tags/dog-years,2026-03-29
https://mykit.tools/tags/houses,2026-03-29
https://mykit.tools/tags/magic,2026-03-29
https://mykit.tools/tags/half-marathon,2026-03-29
https://mykit.tools/tags/soap,2026-03-29
https://mykit.tools/tags/pan,2026-03-29
https://mykit.tools/tags/itinerary,2026-03-29
https://mykit.tools/tags/changer,2026-03-29
https://mykit.tools/tags/checklist,2026-03-29
https://mykit.tools/tags/land,2026-03-29
https://mykit.tools/tags/craft-fair,2026-03-29
https://mykit.tools/tags/currency,2026-03-29
https://mykit.tools/tags/renovation,2026-03-29
https://mykit.tools/tags/kilobytes,2026-03-29
https://mykit.tools/tags/regex,2026-03-29
https://mykit.tools/tags/agenda,2026-03-29
https://mykit.tools/tags/expenses,2026-03-29
https://mykit.tools/tags/fathers-day,2026-03-29
https://mykit.tools/tags/square-miles,2026-03-29
https://mykit.tools/tags/mens,2026-03-29
https://mykit.tools/tags/sha256,2026-03-29
https://mykit.tools/tags/driveway,2026-03-29
https://mykit.tools/tags/egg,2026-03-29
https://mykit.tools/tags/overpayment,2026-03-29
https://mykit.tools/tags/sourdough,2026-03-29
https://mykit.tools/tags/fuel,2026-03-29
https://mykit.tools/tags/text-analysis,2026-03-29
https://mykit.tools/tags/guid,2026-03-29
https://mykit.tools/tags/uk-holidays,2026-03-29
https://mykit.tools/tags/roi,2026-03-29
https://mykit.tools/tags/experiments,2026-03-29
https://mykit.tools/tags/contents,2026-03-29
https://mykit.tools/tags/mbps,2026-03-29
https://mykit.tools/tags/radial,2026-03-29
https://mykit.tools/tags/hashtag,2026-03-29
https://mykit.tools/tags/case,2026-03-29
https://mykit.tools/tags/emotions,2026-03-29
https://mykit.tools/tags/personality,2026-03-29
https://mykit.tools/tags/kilograms,2026-03-29
https://mykit.tools/tags/flatten,2026-03-29
https://mykit.tools/tags/theorem,2026-03-29
https://mykit.tools/tags/salary,2026-03-29
https://mykit.tools/tags/state-pension,2026-03-29
https://mykit.tools/tags/interactive,2026-03-29
https://mykit.tools/tags/christmas,2026-03-29
https://mykit.tools/tags/a11y,2026-03-29
https://mykit.tools/tags/public-facilities,2026-03-29
https://mykit.tools/tags/spring,2026-03-29
https://mykit.tools/tags/viking,2026-03-29
https://mykit.tools/tags/password,2026-03-29
https://mykit.tools/tags/coin-flip,2026-03-29
https://mykit.tools/tags/bake-sale,2026-03-29
https://mykit.tools/tags/painting,2026-03-29
https://mykit.tools/tags/pounds,2026-03-29
https://mykit.tools/tags/watering,2026-03-29
https://mykit.tools/tags/flight-time,2026-03-29
https://mykit.tools/tags/party-game,2026-03-29
https://mykit.tools/tags/destination,2026-03-29
https://mykit.tools/tags/duplicates,2026-03-29
https://mykit.tools/tags/yards,2026-03-29
https://mykit.tools/tags/uppercase,2026-03-29
https://mykit.tools/tags/kitchen,2026-03-29
https://mykit.tools/tags/never-have-i-ever,2026-03-29
https://mykit.tools/tags/dress-size,2026-03-29
https://mykit.tools/tags/packing-list,2026-03-29
https://mykit.tools/tags/woodworking,2026-03-29
https://mykit.tools/tags/meeting,2026-03-29
https://mykit.tools/tags/gambling,2026-03-29
https://mykit.tools/tags/visualisation,2026-03-29
https://mykit.tools/tags/mean,2026-03-29
https://mykit.tools/tags/pomodoro,2026-03-29
https://mykit.tools/tags/valentines,2026-03-29
https://mykit.tools/tags/monitor,2026-03-29
https://mykit.tools/tags/sugar,2026-03-29
https://mykit.tools/tags/random,2026-03-29
https://mykit.tools/tags/feet,2026-03-29
https://mykit.tools/tags/jpg,2026-03-29
https://mykit.tools/tags/capital-cities,2026-03-29
https://mykit.tools/tags/anagram,2026-03-29
https://mykit.tools/tags/backwards,2026-03-29
https://mykit.tools/tags/isa,2026-03-29
https://mykit.tools/tags/ranking,2026-03-29
https://mykit.tools/tags/defibrillator,2026-03-29
https://mykit.tools/tags/metres,2026-03-29
https://mykit.tools/tags/tax-benefits,2026-03-29
https://mykit.tools/tags/october,2026-03-29
https://mykit.tools/tags/pregnancy-planning,2026-03-29
https://mykit.tools/tags/affordability,2026-03-29
https://mykit.tools/tags/workplace,2026-03-29
https://mykit.tools/tags/roulette,2026-03-29
https://mykit.tools/tags/audio,2026-03-29
https://mykit.tools/tags/bar,2026-03-29
https://mykit.tools/tags/buy-to-let,2026-03-29
https://mykit.tools/tags/dungeons-dragons,2026-03-29
https://mykit.tools/tags/factors,2026-03-29
https://mykit.tools/tags/creative,2026-03-29
https://mykit.tools/tags/sale,2026-03-29
https://mykit.tools/tags/break-even,2026-03-29
https://mykit.tools/tags/viewer,2026-03-29
https://mykit.tools/tags/hmrc,2026-03-29
https://mykit.tools/tags/overtime,2026-03-29
https://mykit.tools/tags/cleaning,2026-03-29
https://mykit.tools/tags/toast,2026-03-29
https://mykit.tools/tags/goal,2026-03-29
https://mykit.tools/tags/trip,2026-03-29
https://mykit.tools/tags/dimensional-accuracy,2026-03-29
https://mykit.tools/tags/date-night,2026-03-29
https://mykit.tools/tags/subscription,2026-03-29
https://mykit.tools/tags/web-design,2026-03-29
https://mykit.tools/tags/pizza,2026-03-29
https://mykit.tools/tags/crawler,2026-03-29
https://mykit.tools/tags/freehand,2026-03-29
https://mykit.tools/tags/course,2026-03-29
https://mykit.tools/tags/web,2026-03-29
https://mykit.tools/tags/mpg-us,2026-03-29
https://mykit.tools/tags/spending,2026-03-29
https://mykit.tools/tags/scattergories,2026-03-29
https://mykit.tools/tags/trip-cost,2026-03-29
https://mykit.tools/tags/whiteboard,2026-03-29
https://mykit.tools/tags/daylight,2026-03-29
https://mykit.tools/tags/sports,2026-03-29
https://mykit.tools/tags/lump-sum,2026-03-29
https://mykit.tools/tags/famous,2026-03-29
https://mykit.tools/tags/bracket,2026-03-29
https://mykit.tools/tags/rgb,2026-03-29
https://mykit.tools/tags/cost-per-mile,2026-03-29
https://mykit.tools/tags/maid-of-honour,2026-03-29
https://mykit.tools/tags/work-days,2026-03-29
https://mykit.tools/tags/startup,2026-03-29
https://mykit.tools/tags/seasons,2026-03-29
https://mykit.tools/tags/file,2026-03-29
https://mykit.tools/tags/jpeg,2026-03-29
https://mykit.tools/tags/log,2026-03-29
https://mykit.tools/tags/workplace-pension,2026-03-29
https://mykit.tools/tags/bands,2026-03-29
https://mykit.tools/tags/efficiency,2026-03-29
https://mykit.tools/tags/counter,2026-03-29
https://mykit.tools/tags/islamic,2026-03-29
https://mykit.tools/tags/remembrance,2026-03-29
https://mykit.tools/tags/vernal,2026-03-29
https://mykit.tools/tags/office,2026-03-29
https://mykit.tools/tags/making,2026-03-29
https://mykit.tools/tags/tension,2026-03-29
https://mykit.tools/tags/3d-printing,2026-03-29
https://mykit.tools/tags/number-puzzle,2026-03-29
https://mykit.tools/tags/payback,2026-03-29
https://mykit.tools/tags/tempo,2026-03-29
https://mykit.tools/tags/diet,2026-03-29
https://mykit.tools/tags/date,2026-03-29
https://mykit.tools/tags/carbs,2026-03-29
https://mykit.tools/tags/oats,2026-03-29
https://mykit.tools/tags/reading-time,2026-03-29
https://mykit.tools/tags/caption,2026-03-29
https://mykit.tools/tags/marketplace,2026-03-29
https://mykit.tools/tags/caesar,2026-03-29
https://mykit.tools/tags/weighted-grades,2026-03-29
https://mykit.tools/tags/gift-exchange,2026-03-29
https://mykit.tools/tags/stain,2026-03-29
https://mykit.tools/tags/emotional-intelligence,2026-03-29
https://mykit.tools/tags/apa,2026-03-29
https://mykit.tools/tags/pros-and-cons,2026-03-29
https://mykit.tools/tags/gcf,2026-03-29
https://mykit.tools/tags/return-to-work,2026-03-29
https://mykit.tools/tags/mhz,2026-03-29
https://mykit.tools/tags/shrinkage,2026-03-29
https://mykit.tools/tags/strategy,2026-03-29
https://mykit.tools/tags/force,2026-03-29
https://mykit.tools/tags/exponent,2026-03-29
https://mykit.tools/tags/returns,2026-03-29
https://mykit.tools/tags/gym,2026-03-29
https://mykit.tools/tags/retrofit,2026-03-29
https://mykit.tools/tags/encrypt,2026-03-29
https://mykit.tools/tags/editor,2026-03-29
https://mykit.tools/tags/rental-yield,2026-03-29
https://mykit.tools/tags/symptoms,2026-03-29
https://mykit.tools/tags/responsive,2026-03-29
https://mykit.tools/tags/email-marketing,2026-03-29
https://mykit.tools/tags/liability,2026-03-29
https://mykit.tools/tags/hobby,2026-03-29
https://mykit.tools/tags/set-for-life,2026-03-29
https://mykit.tools/tags/gas,2026-03-29
https://mykit.tools/tags/tipping,2026-03-29
https://mykit.tools/tags/work-hours,2026-03-29
https://mykit.tools/tags/car-financing,2026-03-29
https://mykit.tools/tags/knots,2026-03-29
https://mykit.tools/tags/vows,2026-03-29
https://mykit.tools/tags/cpi,2026-03-29
https://mykit.tools/tags/decision-making,2026-03-29
https://mykit.tools/tags/filter,2026-03-29
https://mykit.tools/tags/invoice,2026-03-29
https://mykit.tools/tags/boiler,2026-03-29
https://mykit.tools/tags/sunset,2026-03-29
https://mykit.tools/tags/energy-performance,2026-03-29
https://mykit.tools/tags/business,2026-03-29
https://mykit.tools/tags/choice,2026-03-29
https://mykit.tools/tags/hz,2026-03-29
https://mykit.tools/tags/numerology,2026-03-29
https://mykit.tools/tags/tool,2026-03-29
https://mykit.tools/tags/meeting-cost,2026-03-29
https://mykit.tools/tags/egg-hunt,2026-03-29
https://mykit.tools/tags/combinations,2026-03-29
https://mykit.tools/tags/range,2026-03-29
https://mykit.tools/tags/style,2026-03-29
https://mykit.tools/tags/ml,2026-03-29
https://mykit.tools/tags/split-bill,2026-03-29
https://mykit.tools/tags/space,2026-03-29
https://mykit.tools/tags/webp,2026-03-29
https://mykit.tools/tags/recovery,2026-03-29
https://mykit.tools/tags/cleanup,2026-03-29
https://mykit.tools/tags/strength,2026-03-29
https://mykit.tools/tags/pet-services,2026-03-29
https://mykit.tools/tags/page-numbers,2026-03-29
https://mykit.tools/tags/tax-relief,2026-03-29
https://mykit.tools/tags/gpa,2026-03-29
https://mykit.tools/tags/shopping,2026-03-29
https://mykit.tools/tags/pregnancy-symptoms,2026-03-29
https://mykit.tools/tags/room,2026-03-29
https://mykit.tools/tags/google-fonts,2026-03-29
https://mykit.tools/tags/pregnancy-test,2026-03-29
https://mykit.tools/tags/deck,2026-03-29
https://mykit.tools/tags/decorating,2026-03-29
https://mykit.tools/tags/pla,2026-03-29
https://mykit.tools/tags/cagr,2026-03-29
https://mykit.tools/tags/loans,2026-03-29
https://mykit.tools/tags/themed,2026-03-29
https://mykit.tools/tags/ring,2026-03-29
https://mykit.tools/tags/debt,2026-03-29
https://mykit.tools/tags/advent,2026-03-29
https://mykit.tools/tags/class-4-ni,2026-03-29
https://mykit.tools/tags/uk,2026-03-29
https://mykit.tools/tags/double-glazing,2026-03-29
https://mykit.tools/tags/social,2026-03-29
https://mykit.tools/tags/star-sign,2026-03-29
https://mykit.tools/tags/place,2026-03-29
https://mykit.tools/tags/rhyme,2026-03-29
https://mykit.tools/tags/mystery,2026-03-29
https://mykit.tools/tags/decrease,2026-03-29
https://mykit.tools/tags/nostalgia,2026-03-29
https://mykit.tools/tags/secure,2026-03-29
https://mykit.tools/tags/us,2026-03-29
https://mykit.tools/tags/metronome,2026-03-29
https://mykit.tools/tags/rsvp,2026-03-29
https://mykit.tools/tags/square-yards,2026-03-29
https://mykit.tools/tags/cos,2026-03-29
https://mykit.tools/tags/battery-payback,2026-03-29
https://mykit.tools/tags/hen-do,2026-03-29
https://mykit.tools/tags/chinese-new-year,2026-03-29
https://mykit.tools/tags/trip-planner,2026-03-29
https://mykit.tools/tags/sensor,2026-03-29
https://mykit.tools/tags/code,2026-03-29
https://mykit.tools/tags/quick-decision,2026-03-29
https://mykit.tools/tags/toilets,2026-03-29
https://mykit.tools/tags/tournament,2026-03-29
https://mykit.tools/tags/landscaping,2026-03-29
https://mykit.tools/tags/drinks,2026-03-29
https://mykit.tools/tags/octal,2026-03-29
https://mykit.tools/tags/alias,2026-03-29
https://mykit.tools/tags/dad,2026-03-29
https://mykit.tools/tags/menstrual-cycle,2026-03-29
https://mykit.tools/tags/social-media,2026-03-29
https://mykit.tools/tags/morse-code,2026-03-29
https://mykit.tools/tags/muscle,2026-03-29
https://mykit.tools/tags/pour-over,2026-03-29
https://mykit.tools/tags/meal-plan,2026-03-29
https://mykit.tools/tags/rota,2026-03-29
https://mykit.tools/tags/festival-of-lights,2026-03-29
https://mykit.tools/tags/emergency-fund,2026-03-29
https://mykit.tools/tags/name-picker,2026-03-29
https://mykit.tools/tags/lye,2026-03-29
https://mykit.tools/tags/speech,2026-03-29
https://mykit.tools/tags/golden-hour,2026-03-29
https://mykit.tools/tags/line,2026-03-29
https://mykit.tools/tags/dilemma,2026-03-29
https://mykit.tools/tags/drawing,2026-03-29
https://mykit.tools/tags/copy-paste,2026-03-29
https://mykit.tools/tags/holland-codes,2026-03-29
https://mykit.tools/tags/blanket,2026-03-29
https://mykit.tools/tags/solver,2026-03-29
https://mykit.tools/tags/js,2026-03-29
https://mykit.tools/tags/character,2026-03-29
https://mykit.tools/tags/cost-calculator,2026-03-29
https://mykit.tools/tags/family,2026-03-29
https://mykit.tools/tags/food-safety,2026-03-29
https://mykit.tools/tags/practice,2026-03-29
https://mykit.tools/tags/uk-pension,2026-03-29
https://mykit.tools/tags/form,2026-03-29
https://mykit.tools/tags/writing,2026-03-29
https://mykit.tools/tags/payoff,2026-03-29
https://mykit.tools/tags/charging,2026-03-29
https://mykit.tools/tags/parlay,2026-03-29
https://mykit.tools/tags/score,2026-03-29
https://mykit.tools/tags/elements,2026-03-29
https://mykit.tools/tags/elimination,2026-03-29
https://mykit.tools/tags/moneyline,2026-03-29
https://mykit.tools/tags/pen,2026-03-29
https://mykit.tools/tags/halloween,2026-03-29
https://mykit.tools/tags/rapper,2026-03-29
https://mykit.tools/tags/physical-size,2026-03-29
https://mykit.tools/tags/hip-hop,2026-03-29
https://mykit.tools/tags/depression,2026-03-29
https://mykit.tools/tags/pace,2026-03-29
https://mykit.tools/tags/validator,2026-03-29
https://mykit.tools/tags/name-generator,2026-03-29
https://mykit.tools/tags/roofing,2026-03-29
https://mykit.tools/tags/exchange,2026-03-29
https://mykit.tools/tags/shortest-day,2026-03-29
https://mykit.tools/tags/duration,2026-03-29
https://mykit.tools/tags/dj,2026-03-29
https://mykit.tools/tags/elf,2026-03-29
https://mykit.tools/tags/questions,2026-03-29
https://mykit.tools/tags/host,2026-03-29
https://mykit.tools/tags/surveying,2026-03-29
https://mykit.tools/tags/photo,2026-03-29
https://mykit.tools/tags/unicode,2026-03-29
https://mykit.tools/tags/tarot,2026-03-29
https://mykit.tools/tags/alter-ego,2026-03-29
https://mykit.tools/tags/phone,2026-03-29
https://mykit.tools/tags/solar-storage,2026-03-29
https://mykit.tools/tags/irregular-cycle,2026-03-29
https://mykit.tools/tags/timesheet,2026-03-29
https://mykit.tools/tags/combine,2026-03-29
https://mykit.tools/tags/gauge,2026-03-29
https://mykit.tools/tags/nutrition,2026-03-29
https://mykit.tools/tags/love-language,2026-03-29
https://mykit.tools/tags/recipe,2026-03-29
https://mykit.tools/tags/weight-loss,2026-03-29
https://mykit.tools/tags/dairy-free,2026-03-29
https://mykit.tools/tags/tiles,2026-03-29
https://mykit.tools/tags/business-name,2026-03-29
https://mykit.tools/tags/a5,2026-03-29
https://mykit.tools/tags/symptom-checker,2026-03-29
https://mykit.tools/tags/wifi,2026-03-29
https://mykit.tools/tags/alternatives,2026-03-29
https://mykit.tools/tags/percent-change,2026-03-29
https://mykit.tools/tags/carpentry,2026-03-29
https://mykit.tools/tags/chanukah,2026-03-29
https://mykit.tools/tags/fireworks,2026-03-29
https://mykit.tools/tags/bottles,2026-03-29
https://mykit.tools/tags/distance,2026-03-29
https://mykit.tools/tags/personalised,2026-03-29
https://mykit.tools/tags/employee,2026-03-29
https://mykit.tools/tags/tavern,2026-03-29
https://mykit.tools/tags/facts,2026-03-29
https://mykit.tools/tags/party-bags,2026-03-29
https://mykit.tools/tags/decades,2026-03-29
https://mykit.tools/tags/pet-care,2026-03-29
https://mykit.tools/tags/pub-quiz,2026-03-29
https://mykit.tools/tags/financial-planning,2026-03-29
https://mykit.tools/tags/food,2026-03-29
https://mykit.tools/tags/goals,2026-03-29
https://mykit.tools/tags/ingredient,2026-03-29
https://mykit.tools/tags/devops,2026-03-29
https://mykit.tools/tags/alarm,2026-03-29
https://mykit.tools/tags/leap-year,2026-03-29
https://mykit.tools/tags/tv,2026-03-29
https://mykit.tools/tags/hanukkah,2026-03-29
https://mykit.tools/tags/thanksgiving,2026-03-29
https://mykit.tools/tags/arbitrage,2026-03-29
https://mykit.tools/tags/scientific-notation,2026-03-29
https://mykit.tools/tags/cost-analysis,2026-03-29
https://mykit.tools/tags/nil-rate-band,2026-03-29
https://mykit.tools/tags/educational,2026-03-29
https://mykit.tools/tags/hash,2026-03-29
https://mykit.tools/tags/meter,2026-03-29
https://mykit.tools/tags/harvard,2026-03-29
https://mykit.tools/tags/bank-holidays,2026-03-29
https://mykit.tools/tags/vegan,2026-03-29
https://mykit.tools/tags/word-search,2026-03-29
https://mykit.tools/tags/womens,2026-03-29
https://mykit.tools/tags/supermarket,2026-03-29
https://mykit.tools/tags/road-tax,2026-03-29
https://mykit.tools/tags/visual,2026-03-29
https://mykit.tools/tags/inventory,2026-03-29
https://mykit.tools/tags/nickname,2026-03-29
https://mykit.tools/tags/accumulator,2026-03-29
https://mykit.tools/tags/bits,2026-03-29
https://mykit.tools/tags/investment,2026-03-29
https://mykit.tools/tags/cards,2026-03-29
https://mykit.tools/tags/ghz,2026-03-29
https://mykit.tools/tags/green-heating,2026-03-29
https://mykit.tools/tags/kilometres,2026-03-29
https://mykit.tools/tags/printing,2026-03-29
https://mykit.tools/tags/psychology,2026-03-29
https://mykit.tools/tags/replacement,2026-03-29
https://mykit.tools/tags/fragrance,2026-03-29
https://mykit.tools/tags/british,2026-03-29
https://mykit.tools/tags/inheritance,2026-03-29
https://mykit.tools/tags/percentile,2026-03-29
https://mykit.tools/tags/stamp,2026-03-29
https://mykit.tools/tags/secret-santa,2026-03-29
https://mykit.tools/tags/darts,2026-03-29
https://mykit.tools/tags/scavenger-hunt,2026-03-29
https://mykit.tools/tags/total-cost-of-ownership,2026-03-29
https://mykit.tools/tags/phonics,2026-03-29
https://mykit.tools/tags/project-planning,2026-03-29
https://mykit.tools/tags/early-signs,2026-03-29
https://mykit.tools/tags/smarkets,2026-03-29
https://mykit.tools/tags/visa-free,2026-03-29
https://mykit.tools/tags/days-alive,2026-03-29
https://mykit.tools/tags/petg,2026-03-29
https://mykit.tools/tags/mum,2026-03-29
https://mykit.tools/tags/schedule,2026-03-29
https://mykit.tools/tags/lawn,2026-03-29
https://mykit.tools/tags/gardening,2026-03-29
https://mykit.tools/tags/restaurant,2026-03-29
https://mykit.tools/tags/stationery,2026-03-29
https://mykit.tools/tags/round,2026-03-29
https://mykit.tools/tags/screen,2026-03-29
https://mykit.tools/tags/pedometer,2026-03-29
https://mykit.tools/tags/preview,2026-03-29
https://mykit.tools/tags/alcohol,2026-03-29
https://mykit.tools/tags/teaspoons,2026-03-29
https://mykit.tools/tags/wood,2026-03-29
https://mykit.tools/tags/ln,2026-03-29
https://mykit.tools/tags/mathematics,2026-03-29
https://mykit.tools/tags/resin,2026-03-29
https://mykit.tools/tags/square-footage,2026-03-29
https://mykit.tools/tags/gratuity,2026-03-29
https://mykit.tools/tags/sewing,2026-03-29
https://mykit.tools/tags/power,2026-03-29
https://mykit.tools/tags/frames,2026-03-29
https://mykit.tools/tags/calendar,2026-03-29
https://mykit.tools/tags/boiled,2026-03-29
https://mykit.tools/tags/assertive,2026-03-29
https://mykit.tools/tags/travel,2026-03-29
https://mykit.tools/tags/table-names,2026-03-29
https://mykit.tools/tags/scoring,2026-03-29
https://mykit.tools/tags/appliance,2026-03-29
https://mykit.tools/tags/time-management,2026-03-29
https://mykit.tools/tags/tasks,2026-03-29
https://mykit.tools/tags/black-friday,2026-03-29
https://mykit.tools/tags/cat-age,2026-03-29
https://mykit.tools/tags/mixed-numbers,2026-03-29
https://mykit.tools/tags/number-base,2026-03-29
https://mykit.tools/tags/subject-line,2026-03-29
https://mykit.tools/tags/weeks,2026-03-29
https://mykit.tools/tags/pregnancy,2026-03-29
https://mykit.tools/tags/compatibility,2026-03-29
https://mykit.tools/tags/invitation,2026-03-29
https://mykit.tools/tags/fixture,2026-03-29
https://mykit.tools/tags/date-calculator,2026-03-29
https://mykit.tools/tags/discount,2026-03-29
https://mykit.tools/tags/crafts,2026-03-29
https://mykit.tools/tags/fancy-dress,2026-03-29
https://mykit.tools/tags/self-esteem,2026-03-29
https://mykit.tools/tags/swimming,2026-03-29
https://mykit.tools/tags/unix,2026-03-29
https://mykit.tools/tags/mm,2026-03-29
https://mykit.tools/tags/infant,2026-03-29
https://mykit.tools/tags/spiritual,2026-03-29
https://mykit.tools/tags/digital,2026-03-29
https://mykit.tools/tags/automotive,2026-03-29
https://mykit.tools/tags/l100km,2026-03-29
https://mykit.tools/tags/khz,2026-03-29
https://mykit.tools/tags/ni,2026-03-29
https://mykit.tools/tags/earnings,2026-03-29
https://mykit.tools/tags/epc-rating,2026-03-29
https://mykit.tools/tags/scores,2026-03-29
https://mykit.tools/tags/501,2026-03-29
https://mykit.tools/tags/board,2026-03-29
https://mykit.tools/tags/solstice,2026-03-29
https://mykit.tools/tags/file-size,2026-03-29
https://mykit.tools/tags/rule-of-72,2026-03-29
https://mykit.tools/tags/retina,2026-03-29
https://mykit.tools/tags/seasonal,2026-03-29
https://mykit.tools/tags/cm,2026-03-29
https://mykit.tools/tags/cycle,2026-03-29
https://mykit.tools/tags/board-foot,2026-03-29
https://mykit.tools/tags/magic-the-gathering,2026-03-29
https://mykit.tools/tags/typography,2026-03-29
https://mykit.tools/tags/bmi,2026-03-29
https://mykit.tools/tags/cycle-tracking,2026-03-28
https://mykit.tools/tags/test,2026-03-28
https://mykit.tools/tags/speedometer,2026-03-28
https://mykit.tools/tags/extrovert,2026-03-28
https://mykit.tools/tags/world-clock,2026-03-28
https://mykit.tools/tags/decimal,2026-03-28
https://mykit.tools/tags/fancy-text,2026-03-28
https://mykit.tools/tags/scaling,2026-03-28
https://mykit.tools/tags/laps,2026-03-28
https://mykit.tools/tags/life-planning,2026-03-28
https://mykit.tools/tags/video,2026-03-28
https://mykit.tools/tags/psi,2026-03-28
https://mykit.tools/tags/fuel-cost,2026-03-28
https://mykit.tools/tags/recipe-cost,2026-03-28